INSERT INTO suppliers (supplier_id, name, status, city) VALUES
('S1', 'ОАО «МеталПром»',     10, 'Москва'),
('S2', 'ТехноСнаб',           20, 'Санкт-Петербург'),
('S3', 'Партнёр-НН',          15, 'Нижний Новгород'),
('S4', 'Склад-Юг',            5,  'Ростов-на-Дону'),
('S5', 'Запчасти Восток',     8,  'Новосибирск'),
('S6', 'ЛокалСнаб',           12, 'Казань');

INSERT INTO parts (part_id, name, color, size, city) VALUES
('P1', 'Втулка',         'серебристый', 10, 'Москва'),
('P2', 'Шайба',          'чёрный',       2,  'Санкт-Петербург'),
('P3', 'Винт М8',        'оцинкованный', 8,  'Нижний Новгород'),
('P4', 'Корпус',         'серый',        120,'Новосибирск'),
('P5', 'Клапан',         'синий',        45, 'Казань'),
('P6', 'Уплотнитель',    'чёрный',       5,  'Ростов-на-Дону'),
('P7', 'Шестерня',       'стальной',     60, 'Москва'),
('P8', 'Подшипник 6204', 'серебристый', 34, 'Санкт-Петербург');

INSERT INTO projects (project_id, name, city) VALUES
('J1', 'Ремонт линии A',      'Москва'),
('J2', 'Сборка агрегата B',   'Санкт-Петербург'),
('J3', 'Модернизация Цеха-3', 'Нижний Новгород'),
('J4', 'Строительство ЗУ',    'Новосибирск');

INSERT INTO spj (supplier_id, part_id, project_id, quantity) VALUES
('S1','P1','J1',  200),
('S1','P7','J1',   10),
('S2','P2','J2', 1000),
('S2','P8','J2',  150),
('S3','P3','J3',  500),
('S3','P1','J3',  120),
('S4','P6','J4',  300),
('S4','P5','J4',   40),
('S5','P4','J1',   20),
('S5','P5','J3',   60),
('S6','P2','J1',  400),
('S1','P2','J1',  500),
('S1','P3','J1',  150),
('S2','P7','J2',   25),
('S3','P8','J3',   30),
('S5','P6','J4',  100),
('S6','P1','J2',   80);